{
  "hash": "b05e1e24",
  "configHash": "9d97ffd8",
  "lockfileHash": "72e1c64c",
  "browserHash": "f3b73e63",
  "optimized": {
    "@angular/common": {
      "src": "../../../../../../node_modules/@angular/common/fesm2022/common.mjs",
      "file": "@angular_common.js",
      "fileHash": "63d69523",
      "needsInterop": false
    },
    "@angular/common/http": {
      "src": "../../../../../../node_modules/@angular/common/fesm2022/http.mjs",
      "file": "@angular_common_http.js",
      "fileHash": "594a768d",
      "needsInterop": false
    },
    "@angular/core": {
      "src": "../../../../../../node_modules/@angular/core/fesm2022/core.mjs",
      "file": "@angular_core.js",
      "fileHash": "43bf6578",
      "needsInterop": false
    },
    "@angular/platform-browser": {
      "src": "../../../../../../node_modules/@angular/platform-browser/fesm2022/platform-browser.mjs",
      "file": "@angular_platform-browser.js",
      "fileHash": "e42f2bc2",
      "needsInterop": false
    },
    "@angular/platform-server": {
      "src": "../../../../../../node_modules/@angular/platform-server/fesm2022/platform-server.mjs",
      "file": "@angular_platform-server.js",
      "fileHash": "833d0778",
      "needsInterop": false
    },
    "@angular/router": {
      "src": "../../../../../../node_modules/@angular/router/fesm2022/router.mjs",
      "file": "@angular_router.js",
      "fileHash": "4183ac21",
      "needsInterop": false
    },
    "@angular/ssr": {
      "src": "../../../../../../node_modules/@angular/ssr/fesm2022/ssr.mjs",
      "file": "@angular_ssr.js",
      "fileHash": "9938b1ec",
      "needsInterop": false
    },
    "@angular/ssr/node": {
      "src": "../../../../../../node_modules/@angular/ssr/fesm2022/node.mjs",
      "file": "@angular_ssr_node.js",
      "fileHash": "28b788d8",
      "needsInterop": false
    },
    "express": {
      "src": "../../../../../../node_modules/express/index.js",
      "file": "express.js",
      "fileHash": "78acc21a",
      "needsInterop": true
    }
  },
  "chunks": {
    "xhr2-TXIMV6CV": {
      "file": "xhr2-TXIMV6CV.js"
    },
    "chunk-BHBL5IFN": {
      "file": "chunk-BHBL5IFN.js"
    },
    "chunk-QCJUFRQL": {
      "file": "chunk-QCJUFRQL.js"
    },
    "chunk-LDJBJRZD": {
      "file": "chunk-LDJBJRZD.js"
    },
    "chunk-J7N6MBDA": {
      "file": "chunk-J7N6MBDA.js"
    },
    "chunk-ISLDYWGG": {
      "file": "chunk-ISLDYWGG.js"
    },
    "chunk-LKIEHLDH": {
      "file": "chunk-LKIEHLDH.js"
    },
    "chunk-AWFF3HDW": {
      "file": "chunk-AWFF3HDW.js"
    },
    "chunk-AYIISLBR": {
      "file": "chunk-AYIISLBR.js"
    },
    "chunk-YHCV7DAQ": {
      "file": "chunk-YHCV7DAQ.js"
    }
  }
}