{
  "hash": "efe04b6a",
  "configHash": "8423b7bb",
  "lockfileHash": "72e1c64c",
  "browserHash": "a6181e6f",
  "optimized": {
    "@angular/common": {
      "src": "../../../../../../node_modules/@angular/common/fesm2022/common.mjs",
      "file": "@angular_common.js",
      "fileHash": "15f76b8f",
      "needsInterop": false
    },
    "@angular/common/http": {
      "src": "../../../../../../node_modules/@angular/common/fesm2022/http.mjs",
      "file": "@angular_common_http.js",
      "fileHash": "591d24fe",
      "needsInterop": false
    },
    "@angular/core": {
      "src": "../../../../../../node_modules/@angular/core/fesm2022/core.mjs",
      "file": "@angular_core.js",
      "fileHash": "65a031e8",
      "needsInterop": false
    },
    "@angular/platform-browser": {
      "src": "../../../../../../node_modules/@angular/platform-browser/fesm2022/platform-browser.mjs",
      "file": "@angular_platform-browser.js",
      "fileHash": "2c3b9520",
      "needsInterop": false
    },
    "@angular/router": {
      "src": "../../../../../../node_modules/@angular/router/fesm2022/router.mjs",
      "file": "@angular_router.js",
      "fileHash": "09d1686f",
      "needsInterop": false
    }
  },
  "chunks": {
    "chunk-5UAL75D6": {
      "file": "chunk-5UAL75D6.js"
    },
    "chunk-2L2HWSKL": {
      "file": "chunk-2L2HWSKL.js"
    },
    "chunk-2DVD567D": {
      "file": "chunk-2DVD567D.js"
    },
    "chunk-DM32MZQA": {
      "file": "chunk-DM32MZQA.js"
    },
    "chunk-XEJBNXCQ": {
      "file": "chunk-XEJBNXCQ.js"
    }
  }
}