{
  "hash": "47430f72",
  "configHash": "a130bf86",
  "lockfileHash": "382f4135",
  "browserHash": "a47b83d9",
  "optimized": {
    "@angular/common": {
      "src": "../../../../../../node_modules/@angular/common/fesm2022/common.mjs",
      "file": "@angular_common.js",
      "fileHash": "8c1da402",
      "needsInterop": false
    },
    "@angular/core": {
      "src": "../../../../../../node_modules/@angular/core/fesm2022/core.mjs",
      "file": "@angular_core.js",
      "fileHash": "2dd0c7c2",
      "needsInterop": false
    },
    "@angular/forms": {
      "src": "../../../../../../node_modules/@angular/forms/fesm2022/forms.mjs",
      "file": "@angular_forms.js",
      "fileHash": "7c182c5a",
      "needsInterop": false
    },
    "@angular/platform-browser": {
      "src": "../../../../../../node_modules/@angular/platform-browser/fesm2022/platform-browser.mjs",
      "file": "@angular_platform-browser.js",
      "fileHash": "8523c10e",
      "needsInterop": false
    },
    "@angular/router": {
      "src": "../../../../../../node_modules/@angular/router/fesm2022/router.mjs",
      "file": "@angular_router.js",
      "fileHash": "2214ffbe",
      "needsInterop": false
    }
  },
  "chunks": {
    "chunk-CPOZBNXZ": {
      "file": "chunk-CPOZBNXZ.js"
    },
    "chunk-SFOYTQF7": {
      "file": "chunk-SFOYTQF7.js"
    },
    "chunk-OPCQPQRU": {
      "file": "chunk-OPCQPQRU.js"
    }
  }
}